"State","County","p0_Dose1_12Plus","K_Dose1_12Plus","v_Dose1_12Plus","correlation_Dose1_12Plus","MAE_Dose1_12Plus","p0_Dose1_18Plus","K_Dose1_18Plus","v_Dose1_18Plus","correlation_Dose1_18Plus","MAE_Dose1_18Plus","p0_Dose1_65Plus","K_Dose1_65Plus","v_Dose1_65Plus","correlation_Dose1_65Plus","MAE_Dose1_65Plus"
"RI","Bristol County",7.01910892165815,105.988767110252,0.0131646231414215,0.948473712069393,7.74155260872803,9.44065631210712,39.4273008826969,0.0123252616030202,0.949451278858866,7.59389496340874,19.6520649175707,104.416625351276,0.0135994279527548,0.918040313430113,9.51659069522329
"RI","Kent County",7.4260183302275,105.318695837057,0.0129810708381082,0.948937364378033,7.76419446145824,9.55198091569693,39.3456511796754,0.0124178181642114,0.949425417446467,7.7474084720874,18.7149246084352,101.706458828206,0.0152387784309068,0.919022341773103,9.28675286384012
"RI","Newport County",6.57255507607478,109.042341911507,0.0134444858472066,0.952669921021055,7.72849680485804,8.32946577354538,40.3649374165788,0.0128409910462474,0.952810809257676,7.68202986642399,18.4937799167813,102.319415961734,0.0116066776013182,0.929696274089693,8.01497855300601
"RI","Providence County",5.67146469806159,97.1784532254138,0.0137105699569246,0.95483069167997,6.81416068692741,7.36613647581301,36.2636002511168,0.0130627757056488,0.955225192406634,6.79859081236976,17.9416855140847,103.574236001279,0.013057212697366,0.933844665697808,8.38229349243954
"RI","Washington County",8.21940736786426,105.963566899352,0.0125101486580759,0.952456141006372,7.38312791028177,10.4734242074485,39.3664491800289,0.0120088492796057,0.953152988787871,7.30436195151348,18.6031609230113,100.462028619489,0.0161558390422121,0.92175498043151,9.09715364754902
