"State","p0_Dose1_12Plus","K_Dose1_12Plus","v_Dose1_12Plus","correlation_Dose1_12Plus","MAE_Dose1_12Plus","p0_Dose1_18Plus","K_Dose1_18Plus","v_Dose1_18Plus","correlation_Dose1_18Plus","MAE_Dose1_18Plus","p0_Dose1_65Plus","K_Dose1_65Plus","v_Dose1_65Plus","correlation_Dose1_65Plus","MAE_Dose1_65Plus"
"AK",52.5796136090684,88.4223857857173,0.00602407343816667,0.998668177161267,0.339380526625116,51.5070562679968,29.3374156157189,0.0119425911186257,0.981424391414562,2.23858574471571,71.5794557453867,105.475214225856,0.00395541829030198,0.991112092040547,0.846140816546208
