"State","p0_Dose1_12Plus","K_Dose1_12Plus","v_Dose1_12Plus","correlation_Dose1_12Plus","MAE_Dose1_12Plus","p0_Dose1_18Plus","K_Dose1_18Plus","v_Dose1_18Plus","correlation_Dose1_18Plus","MAE_Dose1_18Plus","p0_Dose1_65Plus","K_Dose1_65Plus","v_Dose1_65Plus","correlation_Dose1_65Plus","MAE_Dose1_65Plus"
"AL",38.3004540879749,74.4508194797941,0.010124934406673,0.995915051672598,0.693779974628879,26.413710393345,27.0670773737829,0.013156228442302,0.989405019207575,1.83449359143588,57.1851133037181,95.909874353728,0.00965590636602841,0.980309173079968,1.54883220636116
