"State","p0_Dose1_12Plus","K_Dose1_12Plus","v_Dose1_12Plus","correlation_Dose1_12Plus","MAE_Dose1_12Plus","p0_Dose1_18Plus","K_Dose1_18Plus","v_Dose1_18Plus","correlation_Dose1_18Plus","MAE_Dose1_18Plus","p0_Dose1_65Plus","K_Dose1_65Plus","v_Dose1_65Plus","correlation_Dose1_65Plus","MAE_Dose1_65Plus"
"AR",41.7675384733848,78.6096368781368,0.0102286283226584,0.994832807037621,0.725314488737012,29.7310916402638,28.2826356740412,0.0134286941111177,0.98641379421296,2.11242037273754,59.8238747281799,97.4012165461946,0.0079645580437122,0.981086644724712,1.34954629340835
