"State","p0_Dose1_12Plus","K_Dose1_12Plus","v_Dose1_12Plus","correlation_Dose1_12Plus","MAE_Dose1_12Plus","p0_Dose1_18Plus","K_Dose1_18Plus","v_Dose1_18Plus","correlation_Dose1_18Plus","MAE_Dose1_18Plus","p0_Dose1_65Plus","K_Dose1_65Plus","v_Dose1_65Plus","correlation_Dose1_65Plus","MAE_Dose1_65Plus"
"AZ",51.5293498676204,87.8282203236605,0.00693057211389694,0.99912584222781,0.303463817253205,32.7021483602471,28.9528584419687,0.0159653928874352,0.981830624880482,2.83419720522996,64.3472918370866,94.9691249986626,0.0114836559183385,0.974912450419178,1.508642857042
