"State","p0_Dose1_12Plus","K_Dose1_12Plus","v_Dose1_12Plus","correlation_Dose1_12Plus","MAE_Dose1_12Plus","p0_Dose1_18Plus","K_Dose1_18Plus","v_Dose1_18Plus","correlation_Dose1_18Plus","MAE_Dose1_18Plus","p0_Dose1_65Plus","K_Dose1_65Plus","v_Dose1_65Plus","correlation_Dose1_65Plus","MAE_Dose1_65Plus"
"IA",55.4205153909344,83.5705729679304,0.00591925491860426,0.998374447830893,0.298193671450736,28.4485422593511,27.4435948649179,0.0227778013274277,0.976423661966774,3.07274322133573,73.7181958046404,97.4325382232242,0.0100836507181326,0.962436503707303,1.38358788050707
