"State","p0_Dose1_12Plus","K_Dose1_12Plus","v_Dose1_12Plus","correlation_Dose1_12Plus","MAE_Dose1_12Plus","p0_Dose1_18Plus","K_Dose1_18Plus","v_Dose1_18Plus","correlation_Dose1_18Plus","MAE_Dose1_18Plus","p0_Dose1_65Plus","K_Dose1_65Plus","v_Dose1_65Plus","correlation_Dose1_65Plus","MAE_Dose1_65Plus"
"ID",68.8782191827194,70.6349514854797,0.0238930525693026,0.997182394894614,0.0248691571952863,32.8399474114468,26.2963833284913,0.0132027726232721,0.978481311279559,2.56000076133573,66.7230132622719,98.8594413171101,0.00629352199069184,0.979047895098389,1.18623875163459
