"State","p0_Dose1_12Plus","K_Dose1_12Plus","v_Dose1_12Plus","correlation_Dose1_12Plus","MAE_Dose1_12Plus","p0_Dose1_18Plus","K_Dose1_18Plus","v_Dose1_18Plus","correlation_Dose1_18Plus","MAE_Dose1_18Plus","p0_Dose1_65Plus","K_Dose1_65Plus","v_Dose1_65Plus","correlation_Dose1_65Plus","MAE_Dose1_65Plus"
"IL",59.7450743317976,85.0030096210106,0.0123216395065564,0.993959820748808,0.653046635261239,22.9931967794823,30.5234617467221,0.0252268967683393,0.991030049551463,2.11570005315835,59.4439254160815,96.1973860982396,0.0224305375113856,0.98082611153945,1.46486159987247
