"State","p0_Dose1_12Plus","K_Dose1_12Plus","v_Dose1_12Plus","correlation_Dose1_12Plus","MAE_Dose1_12Plus","p0_Dose1_18Plus","K_Dose1_18Plus","v_Dose1_18Plus","correlation_Dose1_18Plus","MAE_Dose1_18Plus","p0_Dose1_65Plus","K_Dose1_65Plus","v_Dose1_65Plus","correlation_Dose1_65Plus","MAE_Dose1_65Plus"
"IN",46.6856173744012,73.1145351328699,0.00776909639580095,0.999118328295169,0.231278500265687,26.7754437933076,25.2659864231084,0.018372374719386,0.98537512439134,2.27160201499742,68.6673644297369,93.0997053910203,0.00852603858449432,0.984921417970352,0.925769563877869
