"State","p0_Dose1_12Plus","K_Dose1_12Plus","v_Dose1_12Plus","correlation_Dose1_12Plus","MAE_Dose1_12Plus","p0_Dose1_18Plus","K_Dose1_18Plus","v_Dose1_18Plus","correlation_Dose1_18Plus","MAE_Dose1_18Plus","p0_Dose1_65Plus","K_Dose1_65Plus","v_Dose1_65Plus","correlation_Dose1_65Plus","MAE_Dose1_65Plus"
"KS",52.0559892263597,94.8233193429245,0.0064285783476689,0.998183909429508,0.417242197444177,35.0696887503989,30.755250607794,0.0145995311889963,0.971136525392934,3.71672351658655,64.7022760764541,99.0597684175108,0.0208854824508516,0.959751401852441,1.95028855733434
