"State","p0_Dose1_12Plus","K_Dose1_12Plus","v_Dose1_12Plus","correlation_Dose1_12Plus","MAE_Dose1_12Plus","p0_Dose1_18Plus","K_Dose1_18Plus","v_Dose1_18Plus","correlation_Dose1_18Plus","MAE_Dose1_18Plus","p0_Dose1_65Plus","K_Dose1_65Plus","v_Dose1_65Plus","correlation_Dose1_65Plus","MAE_Dose1_65Plus"
"KY",49.3172318330252,76.0208614081062,0.0127748522896835,0.986430733589122,1.03059705864683,29.8607636321914,27.8588916937545,0.0190780207103999,0.984717343768809,2.2246265866281,63.2869368385399,96.4948478090704,0.0135312763656239,0.976328227997244,1.45299740701161
