"State","p0_Dose1_12Plus","K_Dose1_12Plus","v_Dose1_12Plus","correlation_Dose1_12Plus","MAE_Dose1_12Plus","p0_Dose1_18Plus","K_Dose1_18Plus","v_Dose1_18Plus","correlation_Dose1_18Plus","MAE_Dose1_18Plus","p0_Dose1_65Plus","K_Dose1_65Plus","v_Dose1_65Plus","correlation_Dose1_65Plus","MAE_Dose1_65Plus"
"LA",37.631941886183,72.4228921537281,0.0110046964243496,0.993072961295373,0.815459661563922,30.1741390594306,26.7909770445467,0.012449214706358,0.988237113118335,1.63190108154634,64.6130184410554,92.9678678631343,0.0084143113260944,0.993046132429727,0.587598895007549
