"State","p0_Dose1_12Plus","K_Dose1_12Plus","v_Dose1_12Plus","correlation_Dose1_12Plus","MAE_Dose1_12Plus","p0_Dose1_18Plus","K_Dose1_18Plus","v_Dose1_18Plus","correlation_Dose1_18Plus","MAE_Dose1_18Plus","p0_Dose1_65Plus","K_Dose1_65Plus","v_Dose1_65Plus","correlation_Dose1_65Plus","MAE_Dose1_65Plus"
"ME",68.2531237695844,106.441890769221,0.00559924282542544,0.992311851039002,0.906417694691812,25.4766971420924,33.377830308504,0.0248745047887779,0.979074069930034,3.98465171755449,64.9694203252908,98.7617702243822,0.0303627639321753,0.969578595588297,1.55648332434108
