"State","p0_Dose1_12Plus","K_Dose1_12Plus","v_Dose1_12Plus","correlation_Dose1_12Plus","MAE_Dose1_12Plus","p0_Dose1_18Plus","K_Dose1_18Plus","v_Dose1_18Plus","correlation_Dose1_18Plus","MAE_Dose1_18Plus","p0_Dose1_65Plus","K_Dose1_65Plus","v_Dose1_65Plus","correlation_Dose1_65Plus","MAE_Dose1_65Plus"
"MI",54.7005363857681,82.1347584038209,0.00525309789255005,0.99738871314176,0.2879559497464,22.599419007688,26.4343817946989,0.0249242305892049,0.980754013382972,2.84955917045575,64.5381358365756,94.5404000091898,0.0117078144296828,0.971118933035952,1.64062073460773
