"State","p0_Dose1_12Plus","K_Dose1_12Plus","v_Dose1_12Plus","correlation_Dose1_12Plus","MAE_Dose1_12Plus","p0_Dose1_18Plus","K_Dose1_18Plus","v_Dose1_18Plus","correlation_Dose1_18Plus","MAE_Dose1_18Plus","p0_Dose1_65Plus","K_Dose1_65Plus","v_Dose1_65Plus","correlation_Dose1_65Plus","MAE_Dose1_65Plus"
"NC",46.6982758594168,125.279686581235,0.0055361740612502,0.996966284746054,0.967991194971293,35.7169021509582,37.9478475731628,0.00893097221797559,0.981809938978872,3.20960080835761,66.0777861093628,108.468018326412,0.00633136629520525,0.977912059472813,1.96692686401861
