"State","p0_Dose1_12Plus","K_Dose1_12Plus","v_Dose1_12Plus","correlation_Dose1_12Plus","MAE_Dose1_12Plus","p0_Dose1_18Plus","K_Dose1_18Plus","v_Dose1_18Plus","correlation_Dose1_18Plus","MAE_Dose1_18Plus","p0_Dose1_65Plus","K_Dose1_65Plus","v_Dose1_65Plus","correlation_Dose1_65Plus","MAE_Dose1_65Plus"
"ND",47.1677681766381,100.402934416485,0.00420104221243645,0.990646346548167,1.06337200587242,49.2928623699156,29.0236734320897,0.00941031968092606,0.963339956973045,3.06951015844849,75.1030215237073,134.037852675126,0.00217386032679789,0.967969265910303,1.6462658564114
