"State","p0_Dose1_12Plus","K_Dose1_12Plus","v_Dose1_12Plus","correlation_Dose1_12Plus","MAE_Dose1_12Plus","p0_Dose1_18Plus","K_Dose1_18Plus","v_Dose1_18Plus","correlation_Dose1_18Plus","MAE_Dose1_18Plus","p0_Dose1_65Plus","K_Dose1_65Plus","v_Dose1_65Plus","correlation_Dose1_65Plus","MAE_Dose1_65Plus"
"NJ",66.6453565995278,103.3490849333,0.00672398331052896,0.992921810354191,0.873350840199239,25.9674892434323,33.5233486547959,0.024145396087368,0.981615637200547,3.71026216363305,56.4266638356906,97.8318698875456,0.0245189129381131,0.967991840311721,2.33607486209057
