"State","p0_Dose1_12Plus","K_Dose1_12Plus","v_Dose1_12Plus","correlation_Dose1_12Plus","MAE_Dose1_12Plus","p0_Dose1_18Plus","K_Dose1_18Plus","v_Dose1_18Plus","correlation_Dose1_18Plus","MAE_Dose1_18Plus","p0_Dose1_65Plus","K_Dose1_65Plus","v_Dose1_65Plus","correlation_Dose1_65Plus","MAE_Dose1_65Plus"
"NV",50.2214986846149,92.7858412443884,0.00739884046336741,0.9991536738618,0.358635321823111,30.7065521022561,30.9647001153942,0.0144794006281763,0.983030277368823,3.03544140468396,64.0891521254649,97.8960642651888,0.00847211142736982,0.980178494870199,1.41954626594794
