"State","p0_Dose1_12Plus","K_Dose1_12Plus","v_Dose1_12Plus","correlation_Dose1_12Plus","MAE_Dose1_12Plus","p0_Dose1_18Plus","K_Dose1_18Plus","v_Dose1_18Plus","correlation_Dose1_18Plus","MAE_Dose1_18Plus","p0_Dose1_65Plus","K_Dose1_65Plus","v_Dose1_65Plus","correlation_Dose1_65Plus","MAE_Dose1_65Plus"
"PR",49.0111506503349,96.0864922767515,0.0174964592628149,0.996515739605755,0.772405344397694,15.0309081319692,34.7775068952696,0.0211188343787128,0.997197764460953,1.65506067710352,34.2793419766526,98.0578921730143,0.0153242790649085,0.992542928446746,1.61502123746817
