"State","p0_Dose1_12Plus","K_Dose1_12Plus","v_Dose1_12Plus","correlation_Dose1_12Plus","MAE_Dose1_12Plus","p0_Dose1_18Plus","K_Dose1_18Plus","v_Dose1_18Plus","correlation_Dose1_18Plus","MAE_Dose1_18Plus","p0_Dose1_65Plus","K_Dose1_65Plus","v_Dose1_65Plus","correlation_Dose1_65Plus","MAE_Dose1_65Plus"
"SC",44.0431580881433,83.1600610424749,0.00751574959603083,0.998151918852207,0.450538189863844,31.4863115904923,28.3222288997504,0.0128359364464651,0.981889512034041,2.57351548578533,68.8567748076606,101.511865085279,0.00737416058401877,0.98318309334747,1.2900182042181
