"State","p0_Dose1_12Plus","K_Dose1_12Plus","v_Dose1_12Plus","correlation_Dose1_12Plus","MAE_Dose1_12Plus","p0_Dose1_18Plus","K_Dose1_18Plus","v_Dose1_18Plus","correlation_Dose1_18Plus","MAE_Dose1_18Plus","p0_Dose1_65Plus","K_Dose1_65Plus","v_Dose1_65Plus","correlation_Dose1_65Plus","MAE_Dose1_65Plus"
"SD",54.5808494973018,115.514875116558,0.00422464228923783,0.99652454828419,0.742591422964365,51.8752725783114,32.8016817517771,0.0105040143502052,0.963798993729743,3.67775629538961,80.2854251929792,102.512937259621,0.00744303285420165,0.97469065697318,1.12550656655918
