"State","p0_Dose1_12Plus","K_Dose1_12Plus","v_Dose1_12Plus","correlation_Dose1_12Plus","MAE_Dose1_12Plus","p0_Dose1_18Plus","K_Dose1_18Plus","v_Dose1_18Plus","correlation_Dose1_18Plus","MAE_Dose1_18Plus","p0_Dose1_65Plus","K_Dose1_65Plus","v_Dose1_65Plus","correlation_Dose1_65Plus","MAE_Dose1_65Plus"
"TX",49.3296989879072,85.6405574963253,0.00912569960191942,0.99750731592193,0.586303292095052,36.7433590692471,29.7529668732049,0.0156327943992601,0.983209665451929,2.56052255918223,62.7769079220753,92.6700773409989,0.0168292593231759,0.91945936401483,2.65352360863963
