"State","p0_Dose1_12Plus","K_Dose1_12Plus","v_Dose1_12Plus","correlation_Dose1_12Plus","MAE_Dose1_12Plus","p0_Dose1_18Plus","K_Dose1_18Plus","v_Dose1_18Plus","correlation_Dose1_18Plus","MAE_Dose1_18Plus","p0_Dose1_65Plus","K_Dose1_65Plus","v_Dose1_65Plus","correlation_Dose1_65Plus","MAE_Dose1_65Plus"
"UT",52.1991418131432,88.1878826676872,0.00831326974784746,0.999148453919072,0.312608370173906,27.2788195802095,30.1379396364619,0.0183067771887833,0.981045016896747,3.21003907027109,68.6942402862399,99.746462901147,0.0115934814448453,0.977907172395726,1.27971045604836
