"State","p0_Dose1_12Plus","K_Dose1_12Plus","v_Dose1_12Plus","correlation_Dose1_12Plus","MAE_Dose1_12Plus","p0_Dose1_18Plus","K_Dose1_18Plus","v_Dose1_18Plus","correlation_Dose1_18Plus","MAE_Dose1_18Plus","p0_Dose1_65Plus","K_Dose1_65Plus","v_Dose1_65Plus","correlation_Dose1_65Plus","MAE_Dose1_65Plus"
"VT",77.0217589074304,99.1566305763595,0.00692801028611059,0.97660083032506,0.985689390844053,15.9524807576966,33.8842150749215,0.0346917167262627,0.992680529055396,2.40578648980753,57.9983249076898,99.8761873110374,0.058666874491659,0.991745167403032,0.492129756436302
