"State","p0_Dose1_12Plus","K_Dose1_12Plus","v_Dose1_12Plus","correlation_Dose1_12Plus","MAE_Dose1_12Plus","p0_Dose1_18Plus","K_Dose1_18Plus","v_Dose1_18Plus","correlation_Dose1_18Plus","MAE_Dose1_18Plus","p0_Dose1_65Plus","K_Dose1_65Plus","v_Dose1_65Plus","correlation_Dose1_65Plus","MAE_Dose1_65Plus"
"WA",62.6159211091189,90.5735251496678,0.00997484203315542,0.989136316947698,0.951636858352672,21.8466232293631,31.8037300064205,0.024765790731081,0.990169282590118,2.54809093112036,68.3970166653874,97.936258909856,0.0162118551910084,0.979604095297456,1.19317664532976
