"State","p0_Dose1_12Plus","K_Dose1_12Plus","v_Dose1_12Plus","correlation_Dose1_12Plus","MAE_Dose1_12Plus","p0_Dose1_18Plus","K_Dose1_18Plus","v_Dose1_18Plus","correlation_Dose1_18Plus","MAE_Dose1_18Plus","p0_Dose1_65Plus","K_Dose1_65Plus","v_Dose1_65Plus","correlation_Dose1_65Plus","MAE_Dose1_65Plus"
"CA",62.5239129042485,101.437266818531,0.00812344718838254,0.996942901746699,0.63480260401841,26.8503384238647,33.8268723161854,0.0207313568918413,0.983620118500433,3.59661159529889,67.2370753936561,99.9332212565429,0.0187427339526937,0.991359873049802,0.802705532515569
