"State","p0_Dose1_12Plus","K_Dose1_12Plus","v_Dose1_12Plus","correlation_Dose1_12Plus","MAE_Dose1_12Plus","p0_Dose1_18Plus","K_Dose1_18Plus","v_Dose1_18Plus","correlation_Dose1_18Plus","MAE_Dose1_18Plus","p0_Dose1_65Plus","K_Dose1_65Plus","v_Dose1_65Plus","correlation_Dose1_65Plus","MAE_Dose1_65Plus"
"CO",60.527370523315,97.8767844530356,0.00562675923500285,0.997599313798387,0.408109596504409,26.4451422910629,30.8287624081534,0.0213061672363168,0.978185018067625,3.6953043451225,72.8986903077792,98.1438068729687,0.00873102935278105,0.981084786204112,1.0625068293756
