"State","p0_Dose1_12Plus","K_Dose1_12Plus","v_Dose1_12Plus","correlation_Dose1_12Plus","MAE_Dose1_12Plus","p0_Dose1_18Plus","K_Dose1_18Plus","v_Dose1_18Plus","correlation_Dose1_18Plus","MAE_Dose1_18Plus","p0_Dose1_65Plus","K_Dose1_65Plus","v_Dose1_65Plus","correlation_Dose1_65Plus","MAE_Dose1_65Plus"
"CT",68.0192782947136,99.6590500917987,0.00902568730583028,0.993464603003755,0.822004181652369,30.7374865100651,34.5055035772213,0.0223274392582616,0.983625715756784,3.45502568406395,81.6110247679934,100.675744759576,0.0119894187520603,0.991781005913887,0.451820339330654
