"State","p0_Dose1_12Plus","K_Dose1_12Plus","v_Dose1_12Plus","correlation_Dose1_12Plus","MAE_Dose1_12Plus","p0_Dose1_18Plus","K_Dose1_18Plus","v_Dose1_18Plus","correlation_Dose1_18Plus","MAE_Dose1_18Plus","p0_Dose1_65Plus","K_Dose1_65Plus","v_Dose1_65Plus","correlation_Dose1_65Plus","MAE_Dose1_65Plus"
"DC",61.6737896495112,105.10197917991,0.00712357862638886,0.988921124722536,1.34113323843668,21.3642331384617,33.5651756362028,0.0210815435704669,0.976810393300396,4.72739033636849,60.8842887494595,101.828175069884,0.0107284616305771,0.984510240111301,1.63690301351942
