"State","p0_Dose1_12Plus","K_Dose1_12Plus","v_Dose1_12Plus","correlation_Dose1_12Plus","MAE_Dose1_12Plus","p0_Dose1_18Plus","K_Dose1_18Plus","v_Dose1_18Plus","correlation_Dose1_18Plus","MAE_Dose1_18Plus","p0_Dose1_65Plus","K_Dose1_65Plus","v_Dose1_65Plus","correlation_Dose1_65Plus","MAE_Dose1_65Plus"
"DE",60.6102033993024,113.128568664841,0.00447717958554372,0.997404379121659,0.536451085052928,29.7218239815389,32.3336282245123,0.0181162129421728,0.973204403184315,4.35447573017105,64.162464032086,98.9211054831421,0.0228611878838183,0.972551525795186,1.60664338606313
