"State","p0_Dose1_12Plus","K_Dose1_12Plus","v_Dose1_12Plus","correlation_Dose1_12Plus","MAE_Dose1_12Plus","p0_Dose1_18Plus","K_Dose1_18Plus","v_Dose1_18Plus","correlation_Dose1_18Plus","MAE_Dose1_18Plus","p0_Dose1_65Plus","K_Dose1_65Plus","v_Dose1_65Plus","correlation_Dose1_65Plus","MAE_Dose1_65Plus"
"FL",52.0598710129652,91.7189458675246,0.0094305776919103,0.99829763570337,0.505853519163767,27.1556421775434,31.9779782809246,0.0164406786988149,0.987811558529783,2.80244968417439,66.7284644547903,99.9827038396877,0.0138089118227229,0.981913665761643,1.28037433918713
