"State","p0_Dose1_12Plus","K_Dose1_12Plus","v_Dose1_12Plus","correlation_Dose1_12Plus","MAE_Dose1_12Plus","p0_Dose1_18Plus","K_Dose1_18Plus","v_Dose1_18Plus","correlation_Dose1_18Plus","MAE_Dose1_18Plus","p0_Dose1_65Plus","K_Dose1_65Plus","v_Dose1_65Plus","correlation_Dose1_65Plus","MAE_Dose1_65Plus"
"GA",43.0758395455102,78.1919638178404,0.00912517427653309,0.997230500839106,0.547110027955003,24.9641308794108,27.397228316817,0.0154105381207667,0.983319698397352,2.62381634151406,63.3760070057333,95.3905975677196,0.00888922369793058,0.981181123516044,1.25942184209477
