"State","p0_Dose1_12Plus","K_Dose1_12Plus","v_Dose1_12Plus","correlation_Dose1_12Plus","MAE_Dose1_12Plus","p0_Dose1_18Plus","K_Dose1_18Plus","v_Dose1_18Plus","correlation_Dose1_18Plus","MAE_Dose1_18Plus","p0_Dose1_65Plus","K_Dose1_65Plus","v_Dose1_65Plus","correlation_Dose1_65Plus","MAE_Dose1_65Plus"
"HI",73.4239321942193,97.969683236018,0.00914837467716596,0.99033221273613,0.746722281865219,17.7641974905658,34.2915818114521,0.0307560904279004,0.990195233599979,2.80096877318655,36.1827061224148,100.294059213685,0.0418981815172995,0.991413106164809,1.04167539770753
