"State","p0_Dose1_12Plus","K_Dose1_12Plus","v_Dose1_12Plus","correlation_Dose1_12Plus","MAE_Dose1_12Plus","p0_Dose1_18Plus","K_Dose1_18Plus","v_Dose1_18Plus","correlation_Dose1_18Plus","MAE_Dose1_18Plus","p0_Dose1_65Plus","K_Dose1_65Plus","v_Dose1_65Plus","correlation_Dose1_65Plus","MAE_Dose1_65Plus"
"MA",72.3075751949544,101.391608097504,0.00795076435200833,0.990650968478195,0.886879470964307,22.8779161102703,34.5288451709872,0.0276820577860342,0.9851392516524,3.54168376050796,63.8899739475471,99.2039600181205,0.0324191515781127,0.987831468934385,0.990250902594999
