"State","p0_Dose1_12Plus","K_Dose1_12Plus","v_Dose1_12Plus","correlation_Dose1_12Plus","MAE_Dose1_12Plus","p0_Dose1_18Plus","K_Dose1_18Plus","v_Dose1_18Plus","correlation_Dose1_18Plus","MAE_Dose1_18Plus","p0_Dose1_65Plus","K_Dose1_65Plus","v_Dose1_65Plus","correlation_Dose1_65Plus","MAE_Dose1_65Plus"
"MD",64.2149273200435,103.27447805607,0.00646275474259083,0.99773223026586,0.464246873757036,25.5575498975243,33.0681155691608,0.0219499846432479,0.981419389929743,3.76802804579763,61.4336976820049,98.8738355516584,0.0191678591073446,0.977050635750322,1.66297776226453
