"State","p0_Dose1_12Plus","K_Dose1_12Plus","v_Dose1_12Plus","correlation_Dose1_12Plus","MAE_Dose1_12Plus","p0_Dose1_18Plus","K_Dose1_18Plus","v_Dose1_18Plus","correlation_Dose1_18Plus","MAE_Dose1_18Plus","p0_Dose1_65Plus","K_Dose1_65Plus","v_Dose1_65Plus","correlation_Dose1_65Plus","MAE_Dose1_65Plus"
"MN",61.3092130726551,89.9509508792433,0.00602268866510149,0.998029602475873,0.310486471832108,25.115291453086,29.5712731798564,0.0254441447640941,0.981724848047238,3.07206417383709,75.2379398540344,100.137564921311,0.0110547769490668,0.962630544718935,1.33913203258073
