"State","p0_Dose1_12Plus","K_Dose1_12Plus","v_Dose1_12Plus","correlation_Dose1_12Plus","MAE_Dose1_12Plus","p0_Dose1_18Plus","K_Dose1_18Plus","v_Dose1_18Plus","correlation_Dose1_18Plus","MAE_Dose1_18Plus","p0_Dose1_65Plus","K_Dose1_65Plus","v_Dose1_65Plus","correlation_Dose1_65Plus","MAE_Dose1_65Plus"
"MO",46.196990238359,79.5964002613072,0.00786974874748137,0.998644574633719,0.355741832644478,28.1422288596022,27.2261181368968,0.0157326563716573,0.981426212075011,2.72612812498973,61.0093525402928,96.2039335286558,0.00919156518259314,0.973592860561571,1.66092931776213
