"State","p0_Dose1_12Plus","K_Dose1_12Plus","v_Dose1_12Plus","correlation_Dose1_12Plus","MAE_Dose1_12Plus","p0_Dose1_18Plus","K_Dose1_18Plus","v_Dose1_18Plus","correlation_Dose1_18Plus","MAE_Dose1_18Plus","p0_Dose1_65Plus","K_Dose1_65Plus","v_Dose1_65Plus","correlation_Dose1_65Plus","MAE_Dose1_65Plus"
"MS",35.4327836462039,71.3616991169878,0.0104168950963942,0.992332655926999,0.913103790738016,29.5176001311313,26.3751057286628,0.0115666292648235,0.987787977372132,1.61336792850502,60.5943202696421,93.5735331224962,0.00795716676152727,0.987459120244358,0.949892400618755
