"State","p0_Dose1_12Plus","K_Dose1_12Plus","v_Dose1_12Plus","correlation_Dose1_12Plus","MAE_Dose1_12Plus","p0_Dose1_18Plus","K_Dose1_18Plus","v_Dose1_18Plus","correlation_Dose1_18Plus","MAE_Dose1_18Plus","p0_Dose1_65Plus","K_Dose1_65Plus","v_Dose1_65Plus","correlation_Dose1_65Plus","MAE_Dose1_65Plus"
"MT",50.0554352121336,81.0666427740418,0.00589462815376497,0.997837573714387,0.382752948831482,35.2407621875211,26.412415505193,0.0165828817681051,0.974824939516414,2.8345544101402,65.2404914839975,95.5207514796219,0.00886886169565893,0.968185609298228,1.61719979394885
