"State","p0_Dose1_12Plus","K_Dose1_12Plus","v_Dose1_12Plus","correlation_Dose1_12Plus","MAE_Dose1_12Plus","p0_Dose1_18Plus","K_Dose1_18Plus","v_Dose1_18Plus","correlation_Dose1_18Plus","MAE_Dose1_18Plus","p0_Dose1_65Plus","K_Dose1_65Plus","v_Dose1_65Plus","correlation_Dose1_65Plus","MAE_Dose1_65Plus"
"NE",54.9824240710187,84.5710552681137,0.00729156254903374,0.998846532981353,0.30216134316431,29.3953867240699,28.5598499539066,0.0209680229924962,0.977296752988402,3.14963835167637,72.0273817041364,96.0647962193539,0.01136363351088,0.971011758589084,1.13422914100796
