"State","p0_Dose1_12Plus","K_Dose1_12Plus","v_Dose1_12Plus","correlation_Dose1_12Plus","MAE_Dose1_12Plus","p0_Dose1_18Plus","K_Dose1_18Plus","v_Dose1_18Plus","correlation_Dose1_18Plus","MAE_Dose1_18Plus","p0_Dose1_65Plus","K_Dose1_65Plus","v_Dose1_65Plus","correlation_Dose1_65Plus","MAE_Dose1_65Plus"
"NM",63.9375776814895,99.2924909751384,0.00848548941973627,0.997275723618549,0.534051576279847,40.3111172381812,33.9501377439892,0.0182371837513543,0.984140951926207,2.89445352885979,59.6541005611277,99.3232375922989,0.0233088340568305,0.985108262322028,1.37025304247277
