"State","p0_Dose1_12Plus","K_Dose1_12Plus","v_Dose1_12Plus","correlation_Dose1_12Plus","MAE_Dose1_12Plus","p0_Dose1_18Plus","K_Dose1_18Plus","v_Dose1_18Plus","correlation_Dose1_18Plus","MAE_Dose1_18Plus","p0_Dose1_65Plus","K_Dose1_65Plus","v_Dose1_65Plus","correlation_Dose1_65Plus","MAE_Dose1_65Plus"
"NY",60.2532178666004,103.960828776172,0.0074799816563435,0.995383254296358,0.833080019004826,28.5278090317631,33.9304290891846,0.0183892985431118,0.980631258553219,3.87317507545027,58.1387647502177,99.1349257734824,0.0129774732075285,0.971475743035222,2.25277792575378
