"State","p0_Dose1_12Plus","K_Dose1_12Plus","v_Dose1_12Plus","correlation_Dose1_12Plus","MAE_Dose1_12Plus","p0_Dose1_18Plus","K_Dose1_18Plus","v_Dose1_18Plus","correlation_Dose1_18Plus","MAE_Dose1_18Plus","p0_Dose1_65Plus","K_Dose1_65Plus","v_Dose1_65Plus","correlation_Dose1_65Plus","MAE_Dose1_65Plus"
"OH",51.2388647793103,77.4452710494378,0.0059862674012119,0.99813194979649,0.268769444603199,24.8796243539436,25.4791541905525,0.0228633387159439,0.977623967970413,2.86716952617965,65.2379587460399,91.149705871533,0.0130283679461238,0.971405064707565,1.38448459320473
