"State","p0_Dose1_12Plus","K_Dose1_12Plus","v_Dose1_12Plus","correlation_Dose1_12Plus","MAE_Dose1_12Plus","p0_Dose1_18Plus","K_Dose1_18Plus","v_Dose1_18Plus","correlation_Dose1_18Plus","MAE_Dose1_18Plus","p0_Dose1_65Plus","K_Dose1_65Plus","v_Dose1_65Plus","correlation_Dose1_65Plus","MAE_Dose1_65Plus"
"OK",45.8450785254796,91.8114344972557,0.00709773810954246,0.998007332693617,0.523366970169168,41.1344567175156,31.6738546015432,0.0102177956814307,0.980478587609099,2.53579268455838,69.6010033363242,107.874227452399,0.0058848130484126,0.982801132914409,1.52007092968885
