"State","p0_Dose1_12Plus","K_Dose1_12Plus","v_Dose1_12Plus","correlation_Dose1_12Plus","MAE_Dose1_12Plus","p0_Dose1_18Plus","K_Dose1_18Plus","v_Dose1_18Plus","correlation_Dose1_18Plus","MAE_Dose1_18Plus","p0_Dose1_65Plus","K_Dose1_65Plus","v_Dose1_65Plus","correlation_Dose1_65Plus","MAE_Dose1_65Plus"
"OR",60.0456591229961,90.2601540783912,0.00741976068740117,0.9974118389391,0.37418895374701,22.0903033660631,30.3787422029854,0.0231879100065646,0.986405801816864,2.95259920651489,54.2649813584235,93.5988457148792,0.0221332177915971,0.957203295023494,2.42033563698118
