"State","p0_Dose1_12Plus","K_Dose1_12Plus","v_Dose1_12Plus","correlation_Dose1_12Plus","MAE_Dose1_12Plus","p0_Dose1_18Plus","K_Dose1_18Plus","v_Dose1_18Plus","correlation_Dose1_18Plus","MAE_Dose1_18Plus","p0_Dose1_65Plus","K_Dose1_65Plus","v_Dose1_65Plus","correlation_Dose1_65Plus","MAE_Dose1_65Plus"
"PA",62.4702384305789,103.632803544367,0.00826851568484685,0.984549340133885,1.60434369766974,29.3485532121853,35.5758469130095,0.0182013224603703,0.978411544914195,4.37036724663953,45.1388322826996,100.076622050532,0.0480907713584248,0.999362533440693,0.196734141692184
