"State","p0_Dose1_12Plus","K_Dose1_12Plus","v_Dose1_12Plus","correlation_Dose1_12Plus","MAE_Dose1_12Plus","p0_Dose1_18Plus","K_Dose1_18Plus","v_Dose1_18Plus","correlation_Dose1_18Plus","MAE_Dose1_18Plus","p0_Dose1_65Plus","K_Dose1_65Plus","v_Dose1_65Plus","correlation_Dose1_65Plus","MAE_Dose1_65Plus"
"RI",64.7057916745533,100.730891529678,0.00848213054584125,0.992965810463761,0.921931378838045,28.1520505645737,34.0643604586,0.0211064211107488,0.982223813281578,3.57635776060842,73.8023733434994,99.7373232926787,0.0204273263610803,0.986140123330777,0.752525705509502
