"State","p0_Dose1_12Plus","K_Dose1_12Plus","v_Dose1_12Plus","correlation_Dose1_12Plus","MAE_Dose1_12Plus","p0_Dose1_18Plus","K_Dose1_18Plus","v_Dose1_18Plus","correlation_Dose1_18Plus","MAE_Dose1_18Plus","p0_Dose1_65Plus","K_Dose1_65Plus","v_Dose1_65Plus","correlation_Dose1_65Plus","MAE_Dose1_65Plus"
"TN",42.038837155371,74.2386632607328,0.008878387014196,0.997284277573604,0.474480688779215,26.9961590478809,26.1910121101476,0.0147959420935841,0.984477285096032,2.26757202852368,59.9673126599297,92.2391559793651,0.0100528884997035,0.984490438889816,1.14391615458589
