"State","p0_Dose1_12Plus","K_Dose1_12Plus","v_Dose1_12Plus","correlation_Dose1_12Plus","MAE_Dose1_12Plus","p0_Dose1_18Plus","K_Dose1_18Plus","v_Dose1_18Plus","correlation_Dose1_18Plus","MAE_Dose1_18Plus","p0_Dose1_65Plus","K_Dose1_65Plus","v_Dose1_65Plus","correlation_Dose1_65Plus","MAE_Dose1_65Plus"
"VA",61.4483635975787,111.882814270985,0.00504742496476134,0.99812837012943,0.443183595526641,31.6473837021234,33.1276114161326,0.0173770520343276,0.975375197303734,4.18074468406849,64.4798988009521,99.4960809888473,0.0137713386614068,0.966340141688538,2.00619096085417
