"State","p0_Dose1_12Plus","K_Dose1_12Plus","v_Dose1_12Plus","correlation_Dose1_12Plus","MAE_Dose1_12Plus","p0_Dose1_18Plus","K_Dose1_18Plus","v_Dose1_18Plus","correlation_Dose1_18Plus","MAE_Dose1_18Plus","p0_Dose1_65Plus","K_Dose1_65Plus","v_Dose1_65Plus","correlation_Dose1_65Plus","MAE_Dose1_65Plus"
"WI",56.7197683443414,86.9139803114774,0.00607826437204223,0.998561658607629,0.296772965645405,29.0425587323573,28.4229008050414,0.0218001927471343,0.97621468796802,3.26589861712674,74.0455407795772,99.4554265004591,0.0105687442617488,0.964443854779634,1.41753469949246
