"State","p0_Dose1_12Plus","K_Dose1_12Plus","v_Dose1_12Plus","correlation_Dose1_12Plus","MAE_Dose1_12Plus","p0_Dose1_18Plus","K_Dose1_18Plus","v_Dose1_18Plus","correlation_Dose1_18Plus","MAE_Dose1_18Plus","p0_Dose1_65Plus","K_Dose1_65Plus","v_Dose1_65Plus","correlation_Dose1_65Plus","MAE_Dose1_65Plus"
"WY",40.4220378545071,73.7287577147194,0.00730910436983116,0.99659606615686,0.573360469858426,37.8337080996803,25.8135107079017,0.0110093581118687,0.982783024847675,1.89861589757278,65.3580938386362,103.788579940181,0.00459667368572871,0.990682476141101,1.0246725968985
