"State","County","p0_Dose1_12Plus","K_Dose1_12Plus","v_Dose1_12Plus","correlation_Dose1_12Plus","MAE_Dose1_12Plus","p0_Dose1_18Plus","K_Dose1_18Plus","v_Dose1_18Plus","correlation_Dose1_18Plus","MAE_Dose1_18Plus","p0_Dose1_65Plus","K_Dose1_65Plus","v_Dose1_65Plus","correlation_Dose1_65Plus","MAE_Dose1_65Plus"
"DC","District of Columbia",7.01041515963372,87.650596640858,0.0213515574468413,0.982899996462605,5.04200033286224,7.2213703835073,31.9982704521103,0.0228919282688074,0.981668515787547,5.15843585057932,16.9103664949329,94.1775496355323,0.0240834254695986,0.973777229690334,4.9934647027171
