"State","County","p0_Dose1_12Plus","K_Dose1_12Plus","v_Dose1_12Plus","correlation_Dose1_12Plus","MAE_Dose1_12Plus","p0_Dose1_18Plus","K_Dose1_18Plus","v_Dose1_18Plus","correlation_Dose1_18Plus","MAE_Dose1_18Plus","p0_Dose1_65Plus","K_Dose1_65Plus","v_Dose1_65Plus","correlation_Dose1_65Plus","MAE_Dose1_65Plus"
"DE","Kent County",7.98184852260063,66.8535546525226,0.0192639519705607,0.988605883313654,2.74902470264634,9.6679414095303,25.0574199596209,0.0200922571685169,0.986439393048272,3.01476639556445,12.0425446924397,85.8425052330689,0.0343515483915787,0.980676487664443,3.64189251708334
"DE","New Castle County",6.72673047362203,82.6192988449198,0.0243616693461535,0.988882632966092,3.56154919767655,7.37091220929047,30.6303927313861,0.0259233818266778,0.987209383510236,3.76007338409643,9.23543584970379,95.7549431616183,0.0427714785723793,0.989577506857995,3.32884073170886
"DE","Sussex County",9.49700394624236,79.8636064233547,0.0232050871558882,0.981869410449943,4.12249816260081,10.5020782701642,30.0768027580726,0.0251573176196991,0.980846532030699,4.31297064670435,6.81737799107226,96.6331183093841,0.0517100252205874,0.991557851444964,3.06885736634519
