"State","County","p0_Dose1_12Plus","K_Dose1_12Plus","v_Dose1_12Plus","correlation_Dose1_12Plus","MAE_Dose1_12Plus","p0_Dose1_18Plus","K_Dose1_18Plus","v_Dose1_18Plus","correlation_Dose1_18Plus","MAE_Dose1_18Plus","p0_Dose1_65Plus","K_Dose1_65Plus","v_Dose1_65Plus","correlation_Dose1_65Plus","MAE_Dose1_65Plus"
"GU","Guam",6.2455009938681,39.3562678840844,0.0419941358311479,0.98189354835594,0.999675977168476,8.49139629818305,15.3666825088986,0.041550346660349,0.982047685823758,1.03034913150947,16.1368693398465,32.5145738940628,0.0353697231106109,0.987652119653701,0.326190490682871
